<?xml version="1.0" encoding="UTF-8" standalone="yes" ?>
<vlc id="if" param1="0"/>
<!--  - - - - - - - - - - - - - - - - - - - - - - - - - - - - - - - - - - >
<  browse.xml: VLC media player web interface
< - - - - - - - - - - - - - - - - - - - - - - - - - - - - - - - - - - - - >
<  Copyright (C) 2005-2006 the VideoLAN team
<  $Id$
< 
<  Authors: Antoine Cellerier <dionoea -at- videolan -dot- org>
< 
<  This program is free software; you can redistribute it and/or modify
<  it under the terms of the GNU General Public License as published by
<  the Free Software Foundation; either version 2 of the License, or
<  (at your option) any later version.
< 
<  This program is distributed in the hope that it will be useful,
<  but WITHOUT ANY WARRANTY; without even the implied warranty of
<  MERCHANTABILITY or FITNESS FOR A PARTICULAR PURPOSE.  See the
<  GNU General Public License for more details.
< 
<  You should have received a copy of the GNU General Public License
<  along with this program; if not, write to the Free Software
<  Foundation, Inc., 51 Franklin Street, Fifth Floor, Boston MA 02110-1301, USA.
< - - - - - - - - - - - - - - - - - - - - - - - - - - - - - - - - - - - -->
<vlc id="end" />

<root>
<vlc id="if" param1="url_param 1 =" />
  <vlc id="rpn" param1="'dir' url_extract" />
  <vlc id="foreach" param1="file" param2="directory" />
    <vlc id="if" param1="file.basename value '.' 1 strncmp 0 != file.basename value '..' 2 strncmp 0 = |" />
      <element type="<vlc id="value" param1="file.type" />" size="<vlc id="value" param1="file.size" />" date="<vlc id="value" param1="file.date" />" path="<vlc id="value" param1="file.name value htmlspecialchars" />" name="<vlc id="value" param1="file.basename value htmlspecialchars" />" extension="<vlc id="value" param1="file.ext value htmlspecialchars" />" />
    <vlc id="end" />
  <vlc id="end" />
<vlc id="end" />
</root>
